{"flutter":{"platforms":{"android":{"default":{"projectId":"edubridge-3fd5d","appId":"1:17530217893:android:c69ed405460a7aff11344c","fileOutput":"android/app/google-services.json"}},"dart":{"lib/firebase_options.dart":{"projectId":"edubridge-3fd5d","configurations":{"android":"1:17530217893:android:c69ed405460a7aff11344c","ios":"1:17530217893:ios:6cd11685213a248611344c","macos":"1:17530217893:ios:6cd11685213a248611344c","web":"1:17530217893:web:4ce48cb97e66b6e311344c","windows":"1:17530217893:web:78fb920e15e0641911344c"}}}}}}